{"vqa": 0.4066666666666666, "okvqa": 0.15333333333333332, "gqa": 0.52, "vizwiz": 0.08999999999999998}