{"vqa": 0.41666666666666663, "okvqa": 0.18333333333333332, "gqa": 0.53, "vizwiz": 0.08999999999999998}