{"vqa": 0.41666666666666663, "okvqa": 0.15666666666666665, "gqa": 0.52, "vizwiz": 0.10333333333333332}